{
    "atmosphere": {
        "dawn": {
            "ambient": {
                "x": 1.0,
                "y": 1.0,
                "z": 1.0
            },
            "zenith": {
                "x": 0.5249999761581421,
                "y": 0.7350000143051148,
                "z": 0.8399999737739563
            },
            "horizon": {
                "x": 0.7250000238418579,
                "y": 0.7350000143051148,
                "z": 0.7400000095367432
            }
        },
        "day": {
            "ambient": {
                "x": 1.0,
                "y": 1.0,
                "z": 1.0
            },
            "zenith": {
                "x": 0.5249999761581421,
                "y": 0.7350000143051148,
                "z": 0.8399999737739563
            },
            "horizon": {
                "x": 0.7250000238418579,
                "y": 0.7350000143051148,
                "z": 0.7400000095367432
            }
        },
        "dusk": {
            "ambient": {
                "x": 1.0,
                "y": 1.0,
                "z": 1.0
            },
            "zenith": {
                "x": 0.5249999761581421,
                "y": 0.7350000143051148,
                "z": 0.8399999737739563
            },
            "horizon": {
                "x": 0.7250000238418579,
                "y": 0.7350000143051148,
                "z": 0.7400000095367432
            }
        }
    }
}
