{
    "colors": {
        "ambient_x": 1.0,
        "ambient_y": 1.0,
        "ambient_z": 1.0,
        "skytop_x": 0.5249999761581421,
        "skytop_y": 0.7350000143051148,
        "skytop_z": 0.8399999737739563,
        "skybottom_x": 0.7250000238418579,
        "skybottom_y": 0.7350000143051148,
        "skybottom_z": 0.7400000095367432,
        "grass_dry_x": 1.0,
        "grass_dry_y": 1.0,
        "grass_dry_z": 0.20000000298023225,
        "grass_lush_x": 0.699999988079071,
        "grass_lush_y": 1.0,
        "grass_lush_z": 0.20000000298023225
    }
}